Mpb72346172c5cabc2b3b0962c1ed49573	つつじケ丘	平原	Mpb72346172c5cabc2b3b0962c1ed49573,Mp55f08ede88fee58fd283966fb98924fd,Mp4cfa41e9ee2fafe9451d2df8f63b76d3,Mpffc9dfc1db37df6ea8c8ab7884616487	Itd724bc337f045760ae6da5cb15e84da8,Itbc9c32fe199e0b684963f07ea2715840,Itfffa0540fbea0b6e62a3bae440ac59f6,It8a6204b32f84050ebc9b9f04f0917c27,Itbf1a88c04eeec0d987ed6d6f3ad02ffe
Mp55f08ede88fee58fd283966fb98924fd	南伏龍	湖	Mp6312f71e3a9be9d2986b0891ec62ca62,Mp8ff6eb3864da273724165b468f87dc69	It802c4e8663fe1109159f97e0e219284e,It5bf545aa1d809d9340f487e2c879b0a5,It12eff35720ba25d2a5f3bcd34e7765a8,It2aed261c96840bca29d66c9655189126,It0932e1e748ea91f2a8a4662261d642ce,It584ea443a8b3f00dd3f4fb22832a8995,Itb43d922d78c09dd9612f077427cecbc3
Mp4cfa41e9ee2fafe9451d2df8f63b76d3	下アレクサンダー	高原	Mp4d01d9c9a7385e01115827dacb05fd58	Itdd583af80241cb8a8fe44a0d23c758cf,Iteeda765d2b3d05d59fb2e9cc8694914a,It0ae50ac966c480f8be4aaea064ebf6b1,It630d872c642bc27289b194ce5d0a9861,It2530278a67a521cc9432ad3666d9dff5,Itff4eea3db959fe8a2223a248ac2deec0
Mpffc9dfc1db37df6ea8c8ab7884616487	栄	沼	Mpa7e0540f25326c2d4bda89f9d6fece41,Mp0ff8bb8282032dcf7914875375494ca1,Mpd548dd62c1d3f4f3aebbdb723ffd3a4f,Mp3a52faed2b5d625ecb7205a2358906bc,Mp66bcd98fb056884c227f0376cfa108a7	It3b9097b5110b4e2df322d7ec23a9c5d4,It2faa72ce2b30115ad7a5c68f7caef015,Ita6d203bf9c8e47b418b23ac0830a84f2,Ite993c1186dc6f43d72f1c09757e515f0,It29e4550525622e8e28867de6fd48dc22,Itf1d7c712bea40ef15311dd2df463cf53
Mp6312f71e3a9be9d2986b0891ec62ca62	自由が丘	遺跡	Mpf566e592fa7b28e213de1faef73d415c,Mpb69c56a5c513aba013d288787eb388de,Mp0964e50db57943865035a654b4c1014a,Mpb991f95b8ea13c2e358635a6091bd611	It7ac9e2979da58910448303fa3a4abac8,It1db34c49ae063ecf3a58e4dcae835c7c,Itc6f51124fc985ceefcfa5289642740a9,Itd27d55851143f63801a40eff2f7b1f4a,It8692fb6a4b4b19f686e7cbe4c5c93db9,It76287542a56d4b9e574ef3745f79b56b,Itd6179c3b59db8c761e344c8de40f10d1,Itad61f41ef0a5d0a78922257b46e9223f
Mp8ff6eb3864da273724165b468f87dc69	新オスカル	沼	Mp2cd630b56acfd4fe3ec10a3bd4619a17,Mp92a8e3976dfdb40212ddb8317a4a9c43	Itc3cc98c2f5a355ce2c7423fb6107dd05,Itea1db3e7dec6c1bdc25208a22c848354,It63ca8aacc409cdc8e0a8ac48fab61003,It455a4269ed31f8e3dcc9657f4bc482c6,Itebd30112b400f22e13bc76d501316541,Ited1f39d2b0e6e9cd8e360acc2f1799d5,Ite2d83b8ad7c9adfb0778b885da73d7cd,It53bd4189dddb8b341fab4bfc2feffe6a
Mp4d01d9c9a7385e01115827dacb05fd58	スメラギ	山	Mp5db3bf724d22ef9dbb00552c621e108e,Mpe81c5cc26fc00adedabd8ac52f5f35ab	Ita0347f749849e85354758ba1bc692726,It74f71171278c16d73ecc4491886ef3e8,It69a23717fb30d0e74ee6e8dc7727d424,It1d75d915d47c60b3932a44f1411edf84,It6d6900cd3b15ad0cf65833634703e17c,It8aaf28a18cb5784e9b00cbf7c907388f,It2439c4331f05ba47cf59f8c4dd67f23c,Itea05b3749fe6a84bd3cd9f2ea8bbed61
Mpa7e0540f25326c2d4bda89f9d6fece41	新夕陽丘	平原	Mpb1a69889e8a3796c1dd9db8cd2653e02,Mp61d18a7b49bb1b3243bd458a4dae638f,Mpdeffd725081a84002fd648912d78a275	Itf72b96a899ed8029ae4c7a1100ca2728,It0b52d13cf185d6a4f1bd56dac3048864,It3a367936a86d1904fc15b7f7a114d745,It4f76bac91e2febf82c753dd4dd087df0,It839ece15e6a903316d32ce9549cb1c64,It8f93f0cc96876d48faa68c589c5676e3,Itad7ea4c33997ce921b8b29c2ff98743b,Itb99ea78c71347feb56b08f998497ae0b,It54c38e40c07b06374aa84589eda06666,It329b25dc8e1c9fa6bab925fd9313c959
Mp0ff8bb8282032dcf7914875375494ca1	北ゼウス	洞窟	Mp1c57d6b43a177ab44c07c64132a077e3,Mp7eaca612cca592d0e1f718480db83d3f	It3979e668850c1c480de9c59d556cc1a2,It64e0e41544a6d8bcd687162f768c5687,Ita66499364d703770a8727fdd4426cdb2,Ite6288453424d7b48ce3979542e07b0b0,Itee5b9b3dfac695038f9ba36eac88fc7b
Mpd548dd62c1d3f4f3aebbdb723ffd3a4f	アンドリュー	遺跡	Mp5883a698f86ce87ca250d85794295892	Itb6fc0a7abba162d9a14339380b971238,It257e827d74bfb980cc8c868c185575cd,It03069563969b0b1c7d0cf23d435ec1ae,Itfb0b5de1e900370cb3dffc05744c07c5,It3094fd52af0f4705094f5cc71ae68261,It2811e633a7bda0482897451d14b6724a,It344007a5654c92efb0c0136641bf99e4
Mp3a52faed2b5d625ecb7205a2358906bc	新栄	遺跡	Mpee96ad85ee22071703df8b6fae0cae0b,Mpbb3b9b78fe2d483613ea127e3d96d106,Mpedf0ee5f260d6c42e071a6e1a6d154ad	Itdc6ddf14357432103ae976367f7ae73e,It903d15f26c25d0157cc7c1995f6481ba,It67bea0c5756e60c3ac3b922f83ceca98,It4e5011498b77b6c7f5ccdaf737079920,Ita1d82e2fa769fe5663a1f06aca17431a,Itae27141e05773770b5a3c8d2d89c975c,Itb3d6d9d269695f666352b06a917a4a83,It6be83a4ddb756799076b8c27932dd9eb,Itce2b57bdf046173e2e6e006adcf9100c
Mp66bcd98fb056884c227f0376cfa108a7	希望ケ丘	湖	Mp6bd2c286a056da8abb9a99d9a93c6a43,Mp869367d3de31f43e3b0a7e113562f076,Mpe85089992406d26d9750c503c9239162	It6214b38f237bf034e5804d28700ec51e,Itd732dc0e38a60848ed51425a7ab3d61e,Itec5756b632ae586f8a927fa0517e8cc3,It7ea8853fef53515f9d3ba1bcae1370c1,It0ece3eeec9f464ea9de31a2d94784234,Ita0c33011d65ce45b75f0f839fea5424e,Itc818c4db9848ae6e0a168d84bbbe8dcc,Itb20d7595c46fc53657f1d03c628f786e,It377a680e0ac62cc8d9e913fb6d671ef8
Mpf566e592fa7b28e213de1faef73d415c	東舞浜	湖	Mp60447e892fcca81f7c5b977afd9d42a5,Mp7b4ad003f1767c7673342f294631639b,Mpaa959b32710e45b25cc18b6f3e401583	Ita3d61b673c1ab7e2bf85a327d01b41a4,It3182943488c811f92ab969c8f620b2ab,Itcd7574997818ff14b315eb3d06b1abbb,It1b1cd9f2ebb72c7315475711d0def012,It4566007bf58a6aa84f0884f96e3445b9,It4af1a5ca32aecbe7bd3c4f045f2642d6,Ite8b988c1d45bacba75390c3a7d9adcbd,It3750f2e6127afcbbbb8024bc8db2e981,It8e1cc3732fdff8fb8f86609142f3c280
Mpb69c56a5c513aba013d288787eb388de	北若葉	岩山	Mpc1ab0701f5e27fbe662b499ab89baee6,Mpe6760ee73b82ef59023590a4564e1323,Mp352aa8990aa32fd4f94f9a4b14d815ae,Mp1e2d8d7f7e833463893dd482c5f7049f	It05bd0cec5f4e4726760a1cd7a0feaded,Ita45b3c7de50e00304eb611513e81ce1e,Itd7df1d1761f35d81b9d52bb836348c4a,Itcac714b0b8c66ab3ca7e884418978507,It10874ceee3d8765a1ec770fa86b6da9e,It57316b8d70bb9748eee36e86170a7fe2,It82fc13e8742930b5356968aa092583ee
Mp0964e50db57943865035a654b4c1014a	新大魔王	湖	Mp448de4f90735e414a742e30fa4988f77,Mpa2d70c544ae11d08f34ae5d7dbcf223f,Mp6a0d7b02b8416730933de6c80f66a3d4,Mp3c2a6b1566908b25f6e474f210dde5de	It61da63c5280aeefb0b232540a04128fd,Itf62eb118c4900031f65bf364a233858b,It6316d3b7cb4a2128f01fbaab5da95f5b,It565f90a7e0a727bf8b5b59e565a2d0b6,It9831baacb6985f01a2b4255b2d9b667c,It9c5121ddbc6b4a063766a8091e17d27d
Mpb991f95b8ea13c2e358635a6091bd611	若葉	川	Mpc9b73161366bdae8e6ce12d7486a7670,Mp36c0f45233660c878d551310a7480a3e,Mp031038c05f8e03c87c3999bd534e13f9,Mp0abbf214855dfdfa872e7f70be6d067e	Ite875be28c47b75c69796f4e4ba6a7569,It65fb822bcd332ac310c5e3dac1abdd19,Itdfef3ce879c7544afb72b0593b7af56f,It28b8969f2660501309b8d2097ce94c39,It66f498f013f2c6bd0ba2806e29b366bf,It97a447be2d5514e8559832c35120b57b,Itb0e60fc841eaf84ed7537e16f82238a2,Ite33a6952845b2f0868b3860e978857fd,It769ad4510e2c6068367b4d30873222d6,Itf380484bfa1437bc70ded37b756b59ae
Mp2cd630b56acfd4fe3ec10a3bd4619a17	元刹那	森	Mp3921aa8532c2525e551d42c24c5e78ff,Mp3da9b57a10498a0458beb7846c5d87ec,Mpb72346172c5cabc2b3b0962c1ed49573,Mp55f08ede88fee58fd283966fb98924fd	It1a7eb024ba17f40a7667fbd6ed2c8f00,It65969ac1a86a5f2c09d8b1a6634085de,Itc3c4dcc078fc4e5d745f6152f76636e9,It7a3e5e96738d19714cfe98f6fce4bade,Itb4d4c37b8fca8810e509b45abdb6c9dc,It99932e4f093e1a2378a8da5bf5b6c187,It8ef448420b53b72107c69f950339acc3,It7e21651bff6a9fadcf9502cd88e1539a,It9476f4220c04da2bcd79ffce65342d30
Mp92a8e3976dfdb40212ddb8317a4a9c43	北もみじ台	岩山	Mp4cfa41e9ee2fafe9451d2df8f63b76d3,Mpffc9dfc1db37df6ea8c8ab7884616487,Mp6312f71e3a9be9d2986b0891ec62ca62,Mp8ff6eb3864da273724165b468f87dc69,Mp4d01d9c9a7385e01115827dacb05fd58	It6b7d9ae9ff68c2c9b93e3b2b5345518a,It03289eb43536a323753a3ea6836ef421,It3eea88decc34a4cada232e68ea74a8fd,Ite9565521d00cfad756943923ddd6d68f,It1f6f78a3c0cfc1100ab3ca8486fd9449,Itf0faa8243c9af1f8582f957e0e1384d8,It8f414974710e4d1229f5feaa45cdda74,It04f887a5fba916fcbf4ec603d81fde2e
Mp5db3bf724d22ef9dbb00552c621e108e	本青葉台	川	Mpa7e0540f25326c2d4bda89f9d6fece41	It287fe4f1bae18cc9bc69eb1d1df93142,It5f661093ddd515303a973abb174c8423,It0309af59ccd436d3af88c840607e9f8e,Ita8a6c4757edc1ae826972f215cc976b1,It36706484c2175593fadc97648bedc8d5
Mpe81c5cc26fc00adedabd8ac52f5f35ab	平和島	林	Mp0ff8bb8282032dcf7914875375494ca1,Mpd548dd62c1d3f4f3aebbdb723ffd3a4f,Mp3a52faed2b5d625ecb7205a2358906bc	Ita31b15c3b94c47d2775fa0f34faf972b,It19eb16927dc10bf8acc0460e49d6df1f,It96b262bb5bb02fb219dafe605ea707e2,It50a53172990426707e908ddb33a6231d,Itcc10b73ca2c8f4d11f83d2cddb2620a0,It5387d8018e5270b7156ef7e24771646f,It4a45f0d89c7ee1e4b7f8b1c18100d123,It7d3af86071737e083cc0bdcb71072698
Mpb1a69889e8a3796c1dd9db8cd2653e02	舞浜	林	Mp66bcd98fb056884c227f0376cfa108a7	Itbaed798a7992dbb97f17ff5309a3c957,It424e36e9632ab1c1ef7f6cbd9823683c,It903c44b2189fb4d55d868a0b933324f6,It48748436c371fc03f38eb89f97bdb3fb,It8ca7e952b03cc9cca2deac6ab6f0149e,It0c6764c85b8ea91ebaab9ce409db191a,Itcdc903dbd9e479dfc575e5b111dfb576,It811f65e1c64a27c14fbce7bc9b31f55f,It2cccad15f6db4f427d4dcbbcac9f67f0,It823aee8e79e9b5a9357fe63b73b15c67
Mp61d18a7b49bb1b3243bd458a4dae638f	新大魔王	林	Mpf566e592fa7b28e213de1faef73d415c,Mpb69c56a5c513aba013d288787eb388de,Mp0964e50db57943865035a654b4c1014a,Mpb991f95b8ea13c2e358635a6091bd611	It19bc362d65a6854b417d4acb8ac36979,Itab338e27a2cd7c2f51fb1bb47ab32a88,It441c1fe98591321bc59ca5c206ea2995,It1c60b0914c165167c831965da72fcd23,It45de00c8ec9187ccff134971f9aaf959,It65ef90af7f753374d761f4c2ed391244,Ite772e7a247f5a4015dd728f7da470ccc,It8dcb36e06b7733ad93bd2babf457ebd0
Mpdeffd725081a84002fd648912d78a275	上松ケ丘	岩山	Mp2cd630b56acfd4fe3ec10a3bd4619a17,Mp92a8e3976dfdb40212ddb8317a4a9c43,Mp5db3bf724d22ef9dbb00552c621e108e,Mpe81c5cc26fc00adedabd8ac52f5f35ab	Itb83290964eced505eb114e8838509b8c,It02972e114f06b3594c7d4f8068089ea4,It1747fb10f949eaf7d31bd9c8c5880f24,It8207d776a2672113b28b9e859ae2a1ad,Itc003f5cf5cf46f95cf58805efe72ee4d,It3fb183ca135fe859133093f4e24e0d63,Itd387294caf7e0b7c84a1a9b8211b779f
Mp1c57d6b43a177ab44c07c64132a077e3	北大魔王	遺跡	Mpb1a69889e8a3796c1dd9db8cd2653e02,Mp61d18a7b49bb1b3243bd458a4dae638f,Mpdeffd725081a84002fd648912d78a275,Mp1c57d6b43a177ab44c07c64132a077e3,Mp7eaca612cca592d0e1f718480db83d3f	Itfe76e1d66d673d623b99bee04e5da1ec,Itdc0fbac96625f67304053b172e4a0c4c,It254e84a1515c9742cb1b8624bdbd151d,Itd03e2a66a690f0df447aa1f7aee05e23,It89f750806f2e7f160108ff66b3820600,It67d5ed0c967a5b7378c3ce094650d3cc,Itb96a8b438def04991e99b1f434b2c4e8,Itb60ac33ca64ca648ebb3473f505cb024
Mp7eaca612cca592d0e1f718480db83d3f	西舞浜	山	Mp5883a698f86ce87ca250d85794295892,Mpee96ad85ee22071703df8b6fae0cae0b	Itc5c6bbdc803443a9e7f9e3b51c002d1f,Ita50f64e15049e3abf3bd8b210ea56b9a,It4bb65e08fd6e382fab5b798cf3315b82,Itdfacd82f263a06704f3c6cb270caa2f6,It404907b7430315cc980fc7fee42e5d22,It1062fe224ecaeba0ed9680616dbe2374,It7487f96ba8e8dbd6c8a071dc5f99ac05,It39398dd6b411eff61ccfe75260c234ee
Mp5883a698f86ce87ca250d85794295892	栄	洞窟	Mpbb3b9b78fe2d483613ea127e3d96d106,Mpedf0ee5f260d6c42e071a6e1a6d154ad,Mp6bd2c286a056da8abb9a99d9a93c6a43,Mp869367d3de31f43e3b0a7e113562f076	It86d91c95db4c70357e6293bed73bf535,It6be95a3c22282533a12244aca80d448e,Itbf48f5f3494a0b5ecf0bbb3bf960abb9,Itbc23c02bb6d6004a2ed4ad7d9415d22f,Itd74faaca625dfc99e1f7bdc00cdc2b01,Itf9ae7af2208f2743f550119035987f9c,It667c0af4847859e8d366c477c3d0d3bb,It30f3faa7d241bcabd8d36b94626b07b1
Mpee96ad85ee22071703df8b6fae0cae0b	新フランソワーズ	洞窟	Mpe85089992406d26d9750c503c9239162	It3fd65006eea252bd904266ba13d81832,Itdda4f6e99bff18c25175cda54c874d6f,It80247b9ff410b227ff7b6ead5c9c0710,Itda6869cc63e948902ab22207f5e084b4,Itf2ee585a1eb3f668471f6716a281b6ee
Mpbb3b9b78fe2d483613ea127e3d96d106	北ゼウス	林	Mp60447e892fcca81f7c5b977afd9d42a5	It102d633e55fc271984e2fcb425a78ed0,It23cc877dfc41f31f14de02f6bb216c20,It73c463aa222820f0c5340e71db48ee3b,Ita7b6fe411ddc4f5324bb3ab18db3db89,Itc67f17ddb00ab91dacb15918a3d62b18,It7eae43eefa76f245204398e8c321a188
Mpedf0ee5f260d6c42e071a6e1a6d154ad	新友が丘	湖	Mp7b4ad003f1767c7673342f294631639b,Mpaa959b32710e45b25cc18b6f3e401583,Mpc1ab0701f5e27fbe662b499ab89baee6	It8e8b0964462dc20cb9c6d763c1a1786b,Itcc4c019f827a07f16d833f002503fb86,Itb0d6e9c5eb18845ecb2190e69bc9987e,Iteffec7c977cea76bdd67ba1a4b1d0877,It977005588a9bb8f71fd23130c9b03bf2,It4632dd6a80118cb1a31522ce5d5eaef5,It0bbcbb8a8e395dfd73929ff6f28721ca,Itc56531c387edd33f22b7c6f2fb315aa1,It8ef41546189c475b3bd3194cbd763ed3,Itf2b1128b1347fbb4088196495568df01
Mp6bd2c286a056da8abb9a99d9a93c6a43	南曙	山	Mpe6760ee73b82ef59023590a4564e1323,Mp352aa8990aa32fd4f94f9a4b14d815ae,Mp1e2d8d7f7e833463893dd482c5f7049f	It8cc22cf298759f20cd8a0321c0d1a9d7,Ita94dd31eb7a2e54d9d09524de38eb8db,Ite8820e7cc231e2f808f87574436f0a41,It84d379f7dfa705cb1611b677328375c3,Itac3d4b963b8fc23897a6d4885bc75648,It61a885b347804d026f833a7a186e5d69,Itf418863db7bd27fe8b7dd52000811a4f,It256b95c45523419a8d11dcb4f8b07a11
Mp869367d3de31f43e3b0a7e113562f076	下イカロス	林	Mp448de4f90735e414a742e30fa4988f77,Mpa2d70c544ae11d08f34ae5d7dbcf223f,Mp6a0d7b02b8416730933de6c80f66a3d4,Mp3c2a6b1566908b25f6e474f210dde5de	It8bdb7dd2d1ae83d257f6ad59e21314fb,Itd8481aa90794a5c70b963a7baac57542,Itfae7835fcdd147b7c535c7f7bed268d6,It5f9adc890c19f279b73292325e13372d,Itde5a584011c8ba10c9090f3e63d79604,Itf3c2a71fe9f81e95963bc325f9fbded2,It0d64d2a77e14bbdb7f62fa45c2902733
Mpe85089992406d26d9750c503c9239162	西万丈	林	Mpc9b73161366bdae8e6ce12d7486a7670,Mp36c0f45233660c878d551310a7480a3e,Mp031038c05f8e03c87c3999bd534e13f9,Mp0abbf214855dfdfa872e7f70be6d067e	Itb9f979578546b8b1c6a455f95a514eab,It5104e56894c430a9493c1716935e4c0f,It1cd2fa3b036143021ed5a683af8fabe8,Itbecc08d206712b33cf0e64cfb37ada68,It2ad501358f8bc2a81c8299fce3a9d46f,It419a7c40102b80cb8a40256ff3bdb8ea,Ita5d5ba0d5172cb755f8511dfaed6ca93,Itefb9dcc87fe7a6174cfe2d4b564ee9cb,It4dda5501fed70221e8e2cecb220317bb
Mp60447e892fcca81f7c5b977afd9d42a5	南ゼウス	山	Mp3921aa8532c2525e551d42c24c5e78ff,Mp3da9b57a10498a0458beb7846c5d87ec,Mpb72346172c5cabc2b3b0962c1ed49573	Itf0d44da7b4088dbe987313065cea8d4b,It25f70cea1b6995dc97c4aec139cf0a99,Itc2fca1a56f62530946e6eeec06f19496,Itaf0a43069e5205620999093d358eda31,It0222f6f0442b3db39832850783ac0f59,It0863817ffd0a4e75e530bd1f8bad7a97,Itfb813a9fb9ddf60e3c83f480c01d0ab3,It49750859e7c3410a7a41e244bb7458f7
Mp7b4ad003f1767c7673342f294631639b	スメラギ	洞窟	Mp55f08ede88fee58fd283966fb98924fd,Mp4cfa41e9ee2fafe9451d2df8f63b76d3,Mpffc9dfc1db37df6ea8c8ab7884616487,Mp6312f71e3a9be9d2986b0891ec62ca62,Mp8ff6eb3864da273724165b468f87dc69	It6070454323b45bf0539710c1b8b17dd9,It09b7ec8dc922e9e01e744bce609fe5c3,Itcd9d343d5e6e42fa4b5f1369ae342547,It60b7af69a954fe28d01f21290130d133,It02b847087856c6bbc285d226f70f8e57,It7a60d833950a622a000f86acd0c865c4
Mpaa959b32710e45b25cc18b6f3e401583	上東開	森	Mp4d01d9c9a7385e01115827dacb05fd58,Mpa7e0540f25326c2d4bda89f9d6fece41	It217cb77c46c441bcc62e0f75efaab3cf,It0bb09c53327ea3c3f3027816fbb88c70,It550bb197d3ba820fb6d1b7ed234efdec,Itbd581ac7305db4bf51a366f6f2571ec8,Ita4974c835df4951288a0d79a6343a1be,It99a12db0d594a29b5388ceb827a1d39c,It7c9184446249c7e2aa9b91e80668c6c7
Mpc1ab0701f5e27fbe662b499ab89baee6	元桜ケ丘	湖	Mp0ff8bb8282032dcf7914875375494ca1,Mpd548dd62c1d3f4f3aebbdb723ffd3a4f,Mp3a52faed2b5d625ecb7205a2358906bc,Mp66bcd98fb056884c227f0376cfa108a7,Mpf566e592fa7b28e213de1faef73d415c	Itc5328e5e15f09d33379e5b6e151aabb0,Itc4acccb5d08bec6e5a5dc7cf768e3d1b,Ite6883dfbdc9a740695599c1c14e9d407,It8e144d095b2ce8c02e8de188da609bd9,Ite38fdff32ad7e37dda896048f46c31aa,It7eb3de0bd1c1350a794c7ecbad5468af
Mpe6760ee73b82ef59023590a4564e1323	西希望ケ丘	平原	Mpb69c56a5c513aba013d288787eb388de,Mp0964e50db57943865035a654b4c1014a,Mpb991f95b8ea13c2e358635a6091bd611,Mp2cd630b56acfd4fe3ec10a3bd4619a17,Mp92a8e3976dfdb40212ddb8317a4a9c43	Ite846180380515b42c8ffe8250aa83eb5,It9a45bddaf520ef21f65b3aa8cfe6416f,It3bf433e6ecd34b1a8387f0c63889caf5,It917bccb21494665dae135d0445562412,Itcb850941d990c1313096f1b403727435,It120e137919b302a01653ef5979f060bb,It5752d0ae1530293c1dc67127ddbddddf
Mp352aa8990aa32fd4f94f9a4b14d815ae	煌	山	Mp5db3bf724d22ef9dbb00552c621e108e,Mpe81c5cc26fc00adedabd8ac52f5f35ab,Mpb1a69889e8a3796c1dd9db8cd2653e02,Mp61d18a7b49bb1b3243bd458a4dae638f	It7a960bc888ca34898bc8b02f98e6bbc6,It3e6ed495aac3d4f9553273c8880a1fae,It8d8cb9a22ebf3e059724d222000dd38b,It300b0f25bb1a5572c546b1abf5a2ad8e,It87e3b84891cd33dbd5c0763509f3a9bd,Itc1c3c51caca6ab839196f7654fb6970d,It5306bdfdacd861609d1662eeea39d89b
Mp1e2d8d7f7e833463893dd482c5f7049f	北イカロス	沼	Mpdeffd725081a84002fd648912d78a275,Mp1c57d6b43a177ab44c07c64132a077e3,Mp7eaca612cca592d0e1f718480db83d3f	It5ae265648a551bab85aec9416b9f4797,It23b021a27fe16dcf33c0617547fa59e8,Itdf30cb93cb6fa86cc20366c6aab70430,Itb97852e52e334dd119b82865085b873d,It77d90628ffe4f1e2a702a86aa4cc04c6,Itf511a366ee42ce2695069bea5cfebffb,It8fa341b35e06f898852ef4e8fbfc9e78,It247737052c434db2e347ca2a520c7ff6,It856829520bf0a041bda73833c52e5a46,Itc46f2c73a472a8dba23d83a3befd897b
Mp448de4f90735e414a742e30fa4988f77	西平和島	森	Mp5883a698f86ce87ca250d85794295892,Mpee96ad85ee22071703df8b6fae0cae0b,Mpbb3b9b78fe2d483613ea127e3d96d106,Mpedf0ee5f260d6c42e071a6e1a6d154ad	It2b4a74fe3f1ab2dd401ea988e3f9c6fa,It0b7630084c20448128bf74fcdbc40c4f,It541e3d5b6c97d24d55d3b3a2d34e0c6e,It025aa6475a1b4f448acf72bc2ed6201c,Itaf430ce869c1c37acbd9d73efc386d97
Mpa2d70c544ae11d08f34ae5d7dbcf223f	上あざみ野	高原	Mp6bd2c286a056da8abb9a99d9a93c6a43,Mp869367d3de31f43e3b0a7e113562f076,Mpe85089992406d26d9750c503c9239162	Itc8e540e1bbaaacc5f4e82171d459b03f,It4ea487d091f8d72d544f62a5448b2fb3,It743d43db5b0e97955afb76826515ee13,It90cf57e9210b3873cdd31fe88a6dd93c,It144fec99b527bb0928e87bb1386a80c1,Ita8db1f185ade86f387a6b845f326676b,It54ab6e177ea8550ac9a206843fa70273,It65c86ba3f9c868916885d292f62c28ec,Itb8dae445f9c23fdea274055e29fc0ca3,It2a23330258e8e914ea3c536ab3eb40c4
Mp6a0d7b02b8416730933de6c80f66a3d4	南伏龍	岩山	Mp60447e892fcca81f7c5b977afd9d42a5,Mp7b4ad003f1767c7673342f294631639b,Mpaa959b32710e45b25cc18b6f3e401583,Mpc1ab0701f5e27fbe662b499ab89baee6	It959746e1f419db7d77404af850d9da37,It65c01f5e5fe434fdd6711a22cc7abca5,It4bfd2de37b3845ecea570d9bb9fb6421,It0ac7e62850d1d57ff6abfc336a18b0c5,Itd7032deb60b3786fbd3ab725136d8989,It9c77be7f697c4b3c711056095435f4ff,It05ed21cf54f78e8f3b5e100bf8a990be,Itf9935f0ac9b4f96a21191613488d25e4,Itc677cf2c465c6f33d14a437589089cd2
Mp3c2a6b1566908b25f6e474f210dde5de	本万丈	山	Mpe6760ee73b82ef59023590a4564e1323	Itf533ec0a1269552b94bdd6548f671ac0,Itbd2f363d34df6b4ca5293b97af98f25b,It45390db091938694dee944a139b9de67,Itefe82b57c0a37c0f5b4dfd3d27fee3d8,Ita0db46c9bb996779c98046be9f7badc6,It2091b33f53877b35469b85104521c427,Itb33b24417e0ee2f2873f7356a35e4bbb,Itaa43919077f35a140f8151ec7ac21f7d,It920a7047154ec55430053282d3c1dabc
Mpc9b73161366bdae8e6ce12d7486a7670	北みずき野	山	Mp352aa8990aa32fd4f94f9a4b14d815ae,Mp1e2d8d7f7e833463893dd482c5f7049f	It4058407fa246310e4bbd2be55af75998,It0566079133f32f5747315e60a0fb978f,It880ec6ba649c8c3b6ba9ec1e88ea3d1f,It1b521c8dd9a28e45dc2aaa83d90e7b62,It4784a1d814005e869485f4c01a05a581
Mp36c0f45233660c878d551310a7480a3e	新高砂	遺跡	Mp448de4f90735e414a742e30fa4988f77	It564a083be163142195d5d1f136b0b5a6,It63c1bf6c978fa82ee48767d9d207b930,It9dc9aedd12ef2adde45186c37c739103,Itb905073535b5d227841c1607816b6b45,It64088096f19fd615e26140be79711abc,It326baff85159ba2d50fcd5f728deabdf
Mp031038c05f8e03c87c3999bd534e13f9	オスカル	岩山	Mpa2d70c544ae11d08f34ae5d7dbcf223f,Mp6a0d7b02b8416730933de6c80f66a3d4,Mp3c2a6b1566908b25f6e474f210dde5de,Mpc9b73161366bdae8e6ce12d7486a7670	Ite123182627106c2783c95afbc484783e,It24df3d4dd0bb47fc9f3e611da441ddd8,Itdc1871826e2a6b95b2729b6dfb0b7488,It71f88c40996f71fef8cd1cd6d302de9e,It220b1e4f09fdf31223f88101060fb1e4,It2278cf58b5dccf0568a1a0643f247a47,Itfbd7c01bb8f0a85514f6b5949b077c53
Mp0abbf214855dfdfa872e7f70be6d067e	オスカル	洞窟	Mp36c0f45233660c878d551310a7480a3e,Mp031038c05f8e03c87c3999bd534e13f9,Mp0abbf214855dfdfa872e7f70be6d067e,Mp3921aa8532c2525e551d42c24c5e78ff	Iteeec31637c16d637bc6ab4f5245b687e,Itd3cd854189f6c4a57fa833bd0ba283de,It78a568ece82189cc4f7df189c23c8275,Itb1321c0ce02f452e45ce8680a190c904,Ita79e75a21b9250f5cb3f84277b08a64b
Mp3921aa8532c2525e551d42c24c5e78ff	西平和島	遺跡	Mp3da9b57a10498a0458beb7846c5d87ec,Mpb72346172c5cabc2b3b0962c1ed49573,Mp55f08ede88fee58fd283966fb98924fd,Mp4cfa41e9ee2fafe9451d2df8f63b76d3	Itb70b4253ec47bc133de1f3dbcf1fd4d5,It437db16da703196f116be26e7db027c8,Ita063b1ded67333053b6df6d0d3839cd0,Itb67d0d4bf243090a4db055553212f8a3,It3e31dfa6599a3dcdc37d4d5e3a31a73c,It0defabcb7617f131edd3edd159279fa2,It9ac2858fef8528ec18050c1669dd2a14,Itf50d5bb71741d0b15272a87f697708d8,It71bc7eae0025248e6e02ff3e2e5c0899,It9e1bf3c46ab40dc8d0e870ccb4b45c1e
Mp3da9b57a10498a0458beb7846c5d87ec	北ゼウス	洞窟	Mpffc9dfc1db37df6ea8c8ab7884616487,Mp6312f71e3a9be9d2986b0891ec62ca62,Mp8ff6eb3864da273724165b468f87dc69,Mp4d01d9c9a7385e01115827dacb05fd58	It60c7ebf308fca28da192538a6a6de45f,It3325bc47e0ac57d3d7ae6552a81d0881,It59b97249a802fc9b2c67cb4480217c4f,Itc9758f6ac9665e943ee669d69d65c32e,It908df114ffabf119b3934e893d0c9f07,It1a675b984aa257edda1c01716b6b94cb,It091cb8c6dfb67793a18e282666e93a26,It86b5f13fb397698681939984c17f29f2
